owner_name,owner_bvd_id_number,owner_country
CRH PUBLIC LIMITED COMPANY,IE012965,IE
THOMAS COOK GROUP PLC,GB06091951,GB
SAHAVIRIYA STEEL INDUSTRIES PCL,TH0107537000688,TH
NORTHUMBRIAN WATER GROUP LIMITED,GB04760441,GB
"DIEBOLD NIXDORF, INC",US340183970,US
LIBERTY MEDIA CORPORATION,US371699499,US
SONAE ARAUCO SA.,ESA28040764,ES
GREENYARD NV,BE0402777157,BE
KLM ROYAL DUTCH AIRLINES NV,NL33014286,NL
SOCIEDAD ANONIMA DAMM,ESA08000820,ES
GAMA AVIATION PLC,GB07264678,GB
REPOWER AG,CHCHE103176251,CH
BAUER AKTIENGESELLSCHAFT,DE8130069404,DE
KROSAKI HARIMA CORPORATION,JP3290801009910,JP
BESIX GROUP,BE0400459154,BE
SAS AB,SE5566068499,SE
ESSAR ENERGY LIMITED,GB07108619,GB
UNIPETROL A.S.,CZ61672190,CZ
EDF ENERGY NUCLEAR GENERATION GROUP LIMITED,GBSC270184,GB
MOEVE SA.,ESA28003119,ES
RAUTARUUKKI OYJ,FI01132769,FI
RWE GENERATION UK HOLDINGS LIMITED,GB03987817,GB
SARAS S.P.A. O IN FORMA ESTESA SARAS S.P.A. - RAFFINERIE SARDE,IT00136440922,IT
SCOTTISH & NEWCASTLE LIMITED,GBSC016288,GB
ARCELORMITTAL FRANCE,FR562094425,FR
TOTALENERGIES PETROCHEMICALS & REFINING,BE0403079441,BE
DANA PETROLEUM LIMITED,GB03456891,GB
LAFARGE,FR542105572,FR
KME SE,DE2310076270,DE
"CEMEX ESPANA, SA",ESA46004214,ES
"INTERCEMENT PORTUGAL, S.A.",PT500722900,PT
SAICA FRANCE,FR542046461,FR
"SAINT GOBAIN CRISTALERIA, SL",ESB33019241,ES
CONSTANTIA INDUSTRIES AG,AT9110233779,AT
QEMETICA S.A.,PL011179878,PL
AAK DENMARK HOLDING A/S,DK45954919,DK
METLEN ENERGY & METALS S.A,GR000757001000,GR
ETEX HOLDING UK INSULATION LIMITED,GB05423253,GB
GOUDA REFRACTORIES GROUP B.V.,NL29026693,NL
LIBERTY OSTRAVA A.S.,CZ45193258,CZ
BORSODCHEM ZARTKORUEN MUKODO RESZVENYTARSASAG,HU10600601,HU
KANSAI HELIOS STORITVE SLOVENIJA D.O.O.,SI5043158,SI
VIROMET SA,RO1126350,RO
ROLLS-ROYCE POWER SYSTEMS AG,DE8210129399,DE
BRITISH AIRWAYS PLC,GB01777777,GB
ESSITY GMBH,DE8350262285,DE
ALLERGAN UNLIMITED COMPANY,IE527629,IE
AUDI AG,DE8130008438,DE
OUTOKUMPU EUROPE OY,FI08233124,FI
TATA STEEL NEDERLAND B.V.,NL34005278,NL
ARLA FOODS UK PLC,GB03487778,GB
ELECTRICITE DE FRANCE,FR552081317,FR
CREMONINI SOCIETA' PER AZIONI ABBREVIABILE IN CREMONINI S.P.A.,IT00162810360,IT
TOTALENERGIES HOLDINGS,FR552120784,FR
CORUS GROUP LIMITED,GB03811373,GB
ARCELORMITTAL LUXEMBOURG,LULB6990,LU
PREMIER OIL GROUP LIMITED,GBSC017829,GB
SANOFI FOREIGN PARTICIPATIONS B.V.,NL33302572,NL
SYNTHOS S.A.,PL070472049,PL
ELVALHALCOR HELLENIC COPPER AND ALUMINIUM INDUSTRY S.A,GR000303401000,GR
BEL,FR542088067,FR
VATTENFALL AB,SE5560362138,SE
ALPIQ AG,CHCHE105974401,CH
GRANT PRIDECO INC,US760312499,US
SOCIEDAD GENERAL DE AGUAS DE BARCELONA SAU,ESA08000234,ES
"INVERSIONES PICOS DE EUROPA, SA",ESA39000088,ES
HOEGANAES AKTIEBOLAG,SE5560050121,SE
BURGO GROUP S.P.A.,IT13051890153,IT
HEINEKEN ESPANA SA,ESA28006013,ES
HARBOUR ENERGY INTERNATIONAL GMBH,DE2150000234,DE
METSA TISSUE OYJ,FI18678311,FI
CROPENERGIES AG,DE7170259005,DE
ALBIOMA,FR775667538,FR
PERSTORP  AB,SE5560246513,SE
DAHLBUSCH AKTIENGESELLSCHAFT,DE4090001462,DE
AGC GLASS EUROPE,BE0413638187,BE
E.ON SVERIGE AKTIEBOLAG,SE5560068420,SE
COFIGEO,FR542076633,FR
LINDE SVERIGE AB,SE5560091331,SE
ROSIER,BE0401256237,BE
ZOLTEK COMPANIES INC,US431311101,US
COLAS,FR552025314,FR
DYCKERHOFF GMBH,DE6250001843,DE
OLAM INTERNATIONAL LIMITED,SG199504676H,SG
NORDIC PAPER HOLDING AB,SE5569141913,SE
TOTALENERGIES ELECTRICITE ET GAZ FRANCE,FR442395448,FR
RENO DE MEDICI SPA,IT00883670150,IT
SMURFIT KAPPA GROUP LIMITED,IE433527,IE
DS SMITH SPAIN SAU,ESA34158824,ES
PILKINGTON GROUP LIMITED,GB00041495,GB
HOLCIM (DEUTSCHLAND) GMBH,DE2150557942,DE
ASSOCIATED WEAVERS INTERNATIONAL,BE0426487026,BE
VPK GROUP,BE0400313852,BE
DEAD SEA WORKS LTD.,IL20230GE,IL
ENGIE UK LIMITED,GB02366963,GB
OUTOKUMPU STAINLESS AB,SE5560018748,SE
MANIFATTURA LANE GAETANO MARZOTTO & FIGLI S.P.A. O PIU' BREVEMENTE MARZOTTO O GMF,IT00166580241,IT
VISKASE COMPANIES INC,US952677354,US
DS SMITH PACKAGING FRANCE,FR775563356,FR
NEWSHIP LIMITED,GB04151389,GB
TARKETT,FR352849327,FR
SICAL,FR575780028,FR
VIRO TVORNICA SECERA D.D.,HR04525204420,HR
PANARIAGROUP INDUSTRIE CERAMICHE S.P.A.,IT01865640369,IT
ALCHEMIA S.A.,PL530544669,PL
HEIDELBERG MATERIALS ITALIA CEMENTI S.P.A. IN FORMA ABBREVIATA HM ITALIA CEMENTI S.P.A.,IT00637110164,IT
AB IGNITIS GAMYBA,LT302648707,LT
"CEMENTOS PORTLAND VALDERRIVAS, SA",ESA31000268,ES
VEOLIA TERM S.A.,PL011269742,PL
PELAGIA AS,NO989094823,NO
GRANITIFIANDRE SOCIETA' PER AZIONI,IT03056540374,IT
HINDUSTHAN NATIONAL GLASS & INDUSTRIES LTD,IN30333FI,IN
CERSANIT S.A.,PL110011180,PL
ONDULINE,FR552088361,FR
HEXION INC.,US130511250,US
ELETTRA INVESTIMENTI S.R.L.,IT02266490594,IT
HARTMANN PACKAGING A/S,DK63049611,DK
ALLIANCE BOOTS HOLDINGS LIMITED,GB04452715,GB
NEXE D.D.,HR62612424147,HR
"AG, DRUZBA ZA INVESTICIJE, D.O.O.",SI5376394,SI
ROLLS-ROYCE GROUP LIMITED,GB04706930,GB
DEVEAUX SAS,FR725780977,FR
ZELEZIARNE PODBREZOVA A.S. SKRATENE ZP A.S.,SK31562141,SK
2VALORISE,BE0876488436,BE
ALKANE ENERGY LIMITED,GB02966946,GB
CEMEX INVESTMENTS LIMITED,GB00249776,GB
KONINKLIJKE GROLSCH N.V.,NL06023267,NL
AEROVIAS DEL CONTINENTE AMERICANO S A AVIANCA,CO8901005776,CO
MARAZZI GROUP S.R.L.,IT00611410374,IT
ORANJEWOUD N.V.,NL29030061,NL
GERRESHEIMER GLAS GMBH,DE5050000640,DE
PILKINGTON DEUTSCHLAND AG,DE4090000190,DE
PCF GMBH,DE8190397513,DE
EEW ENERGY FROM WASTE GMBH,DE2030002431,DE
UBS AG,CHCHE101329561,CH
